﻿<layout name="Brasil - ABNT2" hkla="0xf0100416;0x0416" >
	<item code="24" value="key_q" />
	<item code="25" value="key_w" />
	<item code="26" value="key_e" />
	<item code="27" value="key_r" />
	<item code="28" value="key_t" />
	<item code="29" value="key_y" />
	<item code="30" value="key_u" />
	<item code="31" value="key_i" />
	<item code="32" value="key_o" />
	<item code="33" value="key_p" />
	<item code="38" value="key_a" />
	<item code="39" value="key_s" />
	<item code="40" value="key_d" />
	<item code="41" value="key_f" />
	<item code="42" value="key_g" />
	<item code="43" value="key_h" />
	<item code="44" value="key_j" />
	<item code="45" value="key_k" />
	<item code="46" value="key_l" />
	<item code="47" value="key_semicolon" />
	<item code="52" value="key_z" />
	<item code="53" value="key_x" />
	<item code="54" value="key_c" />
	<item code="55" value="key_v" />
	<item code="56" value="key_b" />
	<item code="57" value="key_n" />
	<item code="58" value="key_m" />
	<item code="59" value="key_comma" />
	<item code="60" value="key_dot" />
	<item code="10" value="key_1" />
	<item code="11" value="key_2" />
	<item code="12" value="key_3" />
	<item code="13" value="key_4" />
	<item code="14" value="key_5" />
	<item code="15" value="key_6" />
	<item code="16" value="key_7" />
	<item code="17" value="key_8" />
	<item code="18" value="key_9" />
	<item code="19" value="key_0" />
	<item code="50" value="key_lshift" />
	<item code="62" value="key_rshift" />
	<item code="37" value="key_lcontrol" />
	<item code="105" value="key_rcontrol" />
	<item code="64" value="key_lalt" />
	<item code="108" value="key_ralt" />
	<item code="22" value="key_back" />
	<item code="119" value="key_delete" />
	<item code="111" value="key_up" />
	<item code="116" value="key_down" />
	<item code="113" value="key_left" />
	<item code="114" value="key_right" />
	<item code="23" value="key_tab" />
	<item code="66" value="key_capslock" />
	<item code="110" value="key_home" />
	<item code="115" value="key_end" />
	<item code="112" value="key_prior" />
	<item code="117" value="key_next" />
	<item code="36" value="key_return" />
	<item code="20" value="key_hyphen" />
	<item code="65" value="key_space" />
	<item code="34" value="key_acute2" />
	<item code="48" value="key_til2" />
	<item code="97" value="key_slash2" />
	<item code="61" value="key_semicolon2" />
	<item code="35" value="key_openbracket2" />
	<item code="51" value="key_closebracket2" />
	<item code="21" value="key_equal" />
	<item code="49" value="key_apostrophe2" />
	<item code="94" value="key_backslash2" />
	<item code="9" value="key_escape" />
</layout>

