﻿<layout name="Brasil - ABNT">
	<item code="key_return" value="&#10;" />
	<item code="191" value=";" />
	<item code="191" shift="1" value=":" />
	<item code="226" value="\\" />
	<item code="226" shift="1" value="|" />
	<item code="189" value="-" />
	<item code="189" shift="1" value="_" />
	<item code="187" value="=" />
	<item code="187" shift="1" value="+" />
	<item code="219" value="´" />
	<item code="219" shift="1" value="`" />
	<item code="222" value="~" />
	<item code="222" shift="1" value="^" />
	<item code="221" value="[" />
	<item code="221" shift="1" value="{" />
	<item code="220" value="]" />
	<item code="220" shift="1" value="}" />
	<item code="188" value="," />
	<item code="188" shift="1" value="<" />
	<item code="190" value="." />
	<item code="190" shift="1" value=">" />
	<item code="193" value="/" />
	<item code="193" shift="1" value="?" />
	<item code="192" value="&apos;" />
	<item code="192" shift="1" value="&quot;" />
	<item char="1" shift="1" value="!" />
	<item char="2" shift="1" value="@" />
	<item char="3" shift="1" value="#" />
	<item char="4" shift="1" value="$" />
	<item char="5" shift="1" value="%" />
	<item char="6" shift="1" escape="¨" />
	<item char="7" shift="1" value="&amp;" />
	<item char="8" shift="1" value="*" />
	<item char="9" shift="1" value="(" />
	<item char="0" shift="1" value=")" />
	<escape value="¨">
		<item char="a" value="ä" />
		<item char="e" value="ë" />
		<item char="i" value="ï" />
		<item char="o" value="ö" />
		<item char="u" value="ü" />
	</escape>
</layout>

