<layout name="Brasil - ABNT2" hkla="0xf0100416;0x0416" cc="br" kl="ABNT2">
	<item code="key_return" value="&#10;" />
	<item code="key_a" value="a" />
	<item code="key_b" value="b" />
	<item code="key_c" value="c" />
	<item code="key_d" value="d" />
	<item code="key_e" value="e" />
	<item code="key_f" value="f" />
	<item code="key_g" value="g" />
	<item code="key_h" value="h" />
	<item code="key_i" value="i" />
	<item code="key_j" value="j" />
	<item code="key_k" value="k" />
	<item code="key_l" value="l" />
	<item code="key_m" value="m" />
	<item code="key_n" value="n" />
	<item code="key_o" value="o" />
	<item code="key_p" value="p" />
	<item code="key_q" value="q" />
	<item code="key_r" value="r" />
	<item code="key_s" value="s" />
	<item code="key_t" value="t" />
	<item code="key_u" value="u" />
	<item code="key_v" value="v" />
	<item code="key_w" value="w" />
	<item code="key_x" value="x" />
	<item code="key_y" value="y" />
	<item code="key_z" value="z" />
	<item code="key_semicolon" value="ç" />
	<item code="key_semicolon2" value=";" />
	<item code="key_semicolon3" value="ç" />
	<item code="key_slash2" value="/" />
	<item code="key_backslash2" value="\\" />
	<item code="key_closebracket2" value="]" />
	<item code="key_openbracket2" value="[" />
	<item code="key_til2" escape="~"  />
	<item code="key_acute2" escape="´"  />
	<item code="key_comma" value="," />
	<item code="key_dot" value="." />
	<item code="key_hyphen" value="-" />
	<item code="key_equal" value="=" />
	<item code="key_a" shift="1" value="A" />
	<item code="key_b" shift="1" value="B" />
	<item code="key_c" shift="1" value="C" />
	<item code="key_d" shift="1" value="D" />
	<item code="key_e" shift="1" value="E" />
	<item code="key_f" shift="1" value="F" />
	<item code="key_g" shift="1" value="G" />
	<item code="key_h" shift="1" value="H" />
	<item code="key_i" shift="1" value="I" />
	<item code="key_j" shift="1" value="J" />
	<item code="key_k" shift="1" value="K" />
	<item code="key_l" shift="1" value="L" />
	<item code="key_m" shift="1" value="M" />
	<item code="key_n" shift="1" value="N" />
	<item code="key_o" shift="1" value="O" />
	<item code="key_p" shift="1" value="P" />
	<item code="key_q" shift="1" value="Q" />
	<item code="key_r" shift="1" value="R" />
	<item code="key_s" shift="1" value="S" />
	<item code="key_t" shift="1" value="T" />
	<item code="key_u" shift="1" value="U" />
	<item code="key_v" shift="1" value="V" />
	<item code="key_w" shift="1" value="W" />
	<item code="key_x" shift="1" value="X" />
	<item code="key_y" shift="1" value="Y" />
	<item code="key_z" shift="1" value="Z" />
	<item code="key_semicolon" shift="1" value="Ç" />
	<item code="key_semicolon2" shift="1" value=":" />
	<item code="key_semicolon3" shift="1" value="Ç" />
	<item code="key_slash2" shift="1" value="?" />
	<item code="key_backslash2" shift="1" value="|" />
	<item code="key_closebracket2" shift="1" value="}" />
	<item code="key_openbracket2" shift="1" value="{" />
	<item code="key_til2" shift="1" escape="^" />
	<item code="key_acute2" shift="1" escape="`"  />
	<item code="key_comma" shift="1" value="&lt;" />
	<item code="key_dot" shift="1" value="&gt;" />
	<item code="key_hyphen" shift="1" value="_" />
	<item code="key_equal" shift="1" value="+" />
	<item code="key_space" value=" " />
   

   <item code="key_1" ralt="1" value="¹" />
   <item code="key_2" ralt="1" value="²" />
   <item code="key_3" ralt="1" value="³" />
   <item code="key_4" ralt="1" value="£" />
   <item code="key_5" ralt="1" value="¢" />
   <item code="key_6" ralt="1" value="¬" />
   <item code="key_equal" ralt="1" value="§" />
   <item code="key_openbracket2" ralt="1" value="ª" />
   <item code="key_closebracket2" ralt="1" value="º" />
   
	<item code="key_apostrophe2" value="\'" />
	<item code="key_apostrophe2" shift="1" value="&quot;" />
   

   
	<item code="53" key="191" value=";" />
	<item code="53" key="191" shift="1" value=":" />
	<item code="86" key="226" value="\\" />
	<item code="86" key="226" shift="1" value="|" />
	<item code="12" key="189" value="-" />
	<item code="12" key="189" shift="1" value="_" />
	<item code="13" key="187" value="=" />
	<item code="13" key="187" shift="1" value="+" />
	<item code="26" key="219" escape="´" />
	<item code="26" key="219" shift="1" escape="`" />
	<item code="40" key="222" escape="~" />
	<item code="40" key="222" shift="1" escape="^" />
	<item code="27" key="221" value="[" />
	<item code="27" key="221" shift="1" value="{" />
	<item code="43" key="220" value="]" />
	<item code="43" key="220" shift="1" value="}" />
	<item code="51" key="188" value="," />
	<item code="51" key="188" shift="1" value="<" />
	<item code="52" key="190" value="." />
	<item code="52" key="190" shift="1" value=">" />
	<item code="115" key="193" value="/" />
	<item code="115" key="193" shift="1" value="?" />
	<item code="key_1" value="1" />
	<item code="key_2" value="2" />
	<item code="key_3" value="3" />
	<item code="key_4" value="4" />
	<item code="key_5" value="5" />
	<item code="key_6" value="6" />
	<item code="key_7" value="7" />
	<item code="key_8" value="8" />
	<item code="key_9" value="9" />
	<item code="key_0" value="0" />
	<item code="key_1" shift="1" value="!" />
	<item code="key_2" shift="1" value="@" />
	<item code="key_3" shift="1" value="#" />
	<item code="key_4" shift="1" value="$" />
	<item code="key_5" shift="1" value="%" />
	<item code="key_6" shift="1" escape="¨" />
	<item code="key_7" shift="1" value="&amp;" />
	<item code="key_8" shift="1" value="*" />
	<item code="key_9" shift="1" value="(" />
	<item code="key_0" shift="1" value=")" />
	<item code="key_numpad_1" value="1" />
	<item code="key_numpad_2" value="2" />
	<item code="key_numpad_3" value="3" />
	<item code="key_numpad_4" value="4" />
	<item code="key_numpad_5" value="5" />
	<item code="key_numpad_6" value="6" />
	<item code="key_numpad_7" value="7" />
	<item code="key_numpad_8" value="8" />
	<item code="key_numpad_9" value="9" />
	<item code="key_numpad_0" value="0" />
	<item code="key_numpad_1" numlock="1" keymap="key_end" />
	<item code="key_numpad_2" numlock="1" keymap="key_down" />
	<item code="key_numpad_3" numlock="1" keymap="key_next" />
	<item code="key_numpad_4" numlock="1" keymap="key_left" />
	<item code="key_numpad_6" numlock="1" keymap="key_right" />
	<item code="key_numpad_7" numlock="1" keymap="key_home" />
	<item code="key_numpad_8" numlock="1" keymap="key_up" />
	<item code="key_numpad_9" numlock="1" keymap="key_next" />
	<item code="key_numpad_0" numlock="1" keymap="key_insert" />
	<escape value="¨">
		<item char="a" value="ä" />
		<item char="e" value="ë" />
		<item char="i" value="ï" />
		<item char="o" value="ö" />
		<item char="u" value="ü" />
		<item char="A" value="Ä" />
		<item char="E" value="Ë" />
		<item char="I" value="Ï" />
		<item char="O" value="Ö" />
		<item char="U" value="Ü" />
	</escape>
	<escape value="´">
		<item char="a" value="á" />
		<item char="e" value="é" />
		<item char="i" value="í" />
		<item char="o" value="ó" />
		<item char="u" value="ú" />
		<item char="A" value="Á" />
		<item char="E" value="É" />
		<item char="I" value="Í" />
		<item char="O" value="Ó" />
		<item char="U" value="Ú" />
	</escape>
	<escape value="`">
		<item char="a" value="à" />
		<item char="e" value="è" />
		<item char="i" value="ì" />
		<item char="o" value="ò" />
		<item char="u" value="ù" />
		<item char="A" value="À" />
		<item char="E" value="È" />
		<item char="I" value="Ì" />
		<item char="O" value="Ò" />
		<item char="U" value="Ù" />
	</escape>
	<escape value="~">
		<item char="a" value="ã" />
		<item char="o" value="õ" />
		<item char="n" value="ñ" />
		<item char="A" value="Ã" />
		<item char="O" value="Õ" />
		<item char="N" value="Ñ" />
	</escape>
	<escape value="^">
		<item char="a" value="â" />
		<item char="e" value="ê" />
		<item char="i" value="î" />
		<item char="o" value="ô" />
		<item char="u" value="û" />
		<item char="A" value="Â" />
		<item char="E" value="Ê" />
		<item char="I" value="Î" />
		<item char="O" value="Ô" />
		<item char="U" value="Û" />
	</escape>

</layout>

