<layout name="English - United States - International" hkla="0xf0010409;0x0409" >
	<item code="key_return" value="&#10;" />
	<item code="key_a" value="a" />
	<item code="key_b" value="b" />
	<item code="key_c" value="c" />
	<item code="key_d" value="d" />
	<item code="key_e" value="e" />
	<item code="key_f" value="f" />
	<item code="key_g" value="g" />
	<item code="key_h" value="h" />
	<item code="key_i" value="i" />
	<item code="key_j" value="j" />
	<item code="key_k" value="k" />
	<item code="key_l" value="l" />
	<item code="key_m" value="m" />
	<item code="key_n" value="n" />
	<item code="key_o" value="o" />
	<item code="key_p" value="p" />
	<item code="key_q" value="q" />
	<item code="key_r" value="r" />
	<item code="key_s" value="s" />
	<item code="key_t" value="t" />
	<item code="key_u" value="u" />
	<item code="key_v" value="v" />
	<item code="key_w" value="w" />
	<item code="key_x" value="x" />
	<item code="key_y" value="y" />
	<item code="key_z" value="z" />
	<item code="key_semicolon" value=";" />
	<item code="key_comma" value="," />
	<item code="key_dot" value="." />
	<item code="key_a" shift="1" value="A" />
	<item code="key_b" shift="1" value="B" />
	<item code="key_c" shift="1" value="C" />
	<item code="key_d" shift="1" value="D" />
	<item code="key_e" shift="1" value="E" />
	<item code="key_f" shift="1" value="F" />
	<item code="key_g" shift="1" value="G" />
	<item code="key_h" shift="1" value="H" />
	<item code="key_i" shift="1" value="I" />
	<item code="key_j" shift="1" value="J" />
	<item code="key_k" shift="1" value="K" />
	<item code="key_l" shift="1" value="L" />
	<item code="key_m" shift="1" value="M" />
	<item code="key_n" shift="1" value="N" />
	<item code="key_o" shift="1" value="O" />
	<item code="key_p" shift="1" value="P" />
	<item code="key_q" shift="1" value="Q" />
	<item code="key_r" shift="1" value="R" />
	<item code="key_s" shift="1" value="S" />
	<item code="key_t" shift="1" value="T" />
	<item code="key_u" shift="1" value="U" />
	<item code="key_v" shift="1" value="V" />
	<item code="key_w" shift="1" value="W" />
	<item code="key_x" shift="1" value="X" />
	<item code="key_y" shift="1" value="Y" />
	<item code="key_z" shift="1" value="Z" />
	<item code="key_semicolon" shift="1" value=":" />
	<item code="key_comma" shift="1" value="&lt;" />
	<item code="key_dot" shift="1" value="&gt;" />
	<item code="key_1" value="1" />
	<item code="key_2" value="2" />
	<item code="key_3" value="3" />
	<item code="key_4" value="4" />
	<item code="key_5" value="5" />
	<item code="key_6" value="6" />
	<item code="key_7" value="7" />
	<item code="key_8" value="8" />
	<item code="key_9" value="9" />
	<item code="key_0" value="0" />
	<item code="key_hyphen" value="-" />
	<item code="key_1" shift="1" value="!" />
	<item code="key_2" shift="1" value="@" />
	<item code="key_3" shift="1" value="#" />
	<item code="key_4" shift="1" value="$" />
	<item code="key_5" shift="1" value="%" />
	<item code="key_6" shift="1" escape="¨" />
	<item code="key_7" shift="1" value="&amp;" />
	<item code="key_8" shift="1" value="*" />
	<item code="key_9" shift="1" value="(" />
	<item code="key_0" shift="1" value=")" />
	<item code="key_hyphen" shift="1" value="_" />
	<item code="key_space" shift=" " value=" " />
   <item code="key_equal" shift="1" value="+" />
   <item code="key_equal" value="=" />


</layout>

