<toolbar>
<button id="stepback">Back</button>
<button id="stepforwardk">Forward</button>
<button id="impact_whiteboard">Whiteboard</button>
<button id="impact_bookmark">Bookmark</button>
<button id="impact_annotate">Annotate</button>
<button id="impact_user_hour">User Hour</button>
<button id="calendar">Calendar</button>
<button id="separator" />
<button id="viewinie">View in Ie</button>
<button id="refresh">Refresh</button>
<button id="separator" />
<button id="options">Options</button>
<button id="more">More</button>
</toolbar>